-- phpMyAdmin SQL Dump
-- version 5.0.3
-- https://www.phpmyadmin.net/
--
-- Anamakine: 127.0.0.1
-- Üretim Zamanı: 04 Ağu 2021, 14:05:57
-- Sunucu sürümü: 10.4.14-MariaDB
-- PHP Sürümü: 7.4.11

SET SQL_MODE = "NO_AUTO_VALUE_ON_ZERO";
START TRANSACTION;
SET time_zone = "+00:00";


/*!40101 SET @OLD_CHARACTER_SET_CLIENT=@@CHARACTER_SET_CLIENT */;
/*!40101 SET @OLD_CHARACTER_SET_RESULTS=@@CHARACTER_SET_RESULTS */;
/*!40101 SET @OLD_COLLATION_CONNECTION=@@COLLATION_CONNECTION */;
/*!40101 SET NAMES utf8mb4 */;

--
-- Veritabanı: `offers`
--

-- --------------------------------------------------------

--
-- Tablo için tablo yapısı `kullanici`
--

CREATE TABLE `kullanici` (
  `id` int(11) NOT NULL,
  `kullanici` varchar(64) NOT NULL,
  `kullanicisifre` varchar(64) NOT NULL
) ENGINE=InnoDB DEFAULT CHARSET=utf8mb4;

-- --------------------------------------------------------

--
-- Tablo için tablo yapısı `offers`
--

CREATE TABLE `offers` (
  `id` int(11) NOT NULL COMMENT 'Teklif Id si',
  `productId` int(11) DEFAULT NULL COMMENT 'Ürün Id si',
  `offerHead` varchar(255) COLLATE utf8_turkish_ci DEFAULT NULL COMMENT 'Teklif açıklaması',
  `offerValue` varchar(255) COLLATE utf8_turkish_ci DEFAULT NULL COMMENT 'Teklif para değeri',
  `offerCreateTime` datetime DEFAULT NULL COMMENT 'Teklif Oluşturulma Tarihi'
) ENGINE=InnoDB DEFAULT CHARSET=utf8 COLLATE=utf8_turkish_ci ROW_FORMAT=DYNAMIC;

-- --------------------------------------------------------

--
-- Tablo için tablo yapısı `productcategories`
--

CREATE TABLE `productcategories` (
  `id` int(11) NOT NULL COMMENT 'Ürün Kategori Id si',
  `category` varchar(255) COLLATE utf8_turkish_ci DEFAULT NULL COMMENT 'Ürün Kategori Değeri'
) ENGINE=InnoDB DEFAULT CHARSET=utf8 COLLATE=utf8_turkish_ci ROW_FORMAT=DYNAMIC;

--
-- Tablo döküm verisi `productcategories`
--

INSERT INTO `productcategories` (`id`, `category`) VALUES
(1, 'DEMİR ÇELİK'),
(2, 'ELEKTRONİK MALZEMELERİ'),
(3, 'ELEKTRİK MOTORLARI'),
(4, 'REDÜKTÖR'),
(5, 'RULMAN, KEÇE VE KAYIŞ'),
(6, 'HIRDAVAT'),
(7, 'LAZER KESİM VE PLAZMA ÜRÜNLERİ'),
(8, 'SANAYİ MAKİNALARI'),
(9, 'KALIP SANAYİ'),
(10, 'DİŞLİ SANAYİ'),
(11, 'ALÜMİNYUM');

-- --------------------------------------------------------

--
-- Tablo için tablo yapısı `products`
--

CREATE TABLE `products` (
  `id` int(11) NOT NULL COMMENT 'Ürün Id si',
  `categoryId` int(11) DEFAULT NULL COMMENT 'Ürünün bağlı olduğu kategori id si',
  `productName` varchar(255) COLLATE utf8_turkish_ci DEFAULT NULL COMMENT 'Ürün adı',
  `offerCreateTime` datetime DEFAULT NULL COMMENT 'Ürün Teklif Oluşturabilme Tarihi',
  `offerFinishedTime` datetime DEFAULT NULL COMMENT 'Ürün teklif süre sonu tarihi',
  `productImage` varchar(255) COLLATE utf8_turkish_ci DEFAULT NULL COMMENT 'Ürün resim alanı',
  `productDescription` text COLLATE utf8_turkish_ci DEFAULT NULL COMMENT 'Ürün açıklaması',
  `productSubDescription` text COLLATE utf8_turkish_ci DEFAULT NULL COMMENT 'Ürün alt açıklaması'
) ENGINE=InnoDB DEFAULT CHARSET=utf8 COLLATE=utf8_turkish_ci ROW_FORMAT=DYNAMIC;

--
-- Tablo döküm verisi `products`
--

INSERT INTO `products` (`id`, `categoryId`, `productName`, `offerCreateTime`, `offerFinishedTime`, `productImage`, `productDescription`, `productSubDescription`) VALUES
(1, 1, 'Lorem ipsum dolor sit amet', '2020-05-02 21:48:54', '2020-05-08 21:48:59', 'http://alimsatimcim.com/mobil/874223191.jpeg', 'Lorem ipsum dolor sit amet, consectetur adipiscing elit. Ut risus urna, mattis in dapibus ac, euismod sed enim. Pellentesque in cursus orci. Nunc nec risus eu turpis ullamcorper placerat. Suspendisse aliquam, elit ut lobortis euismod, felis nisi pretium lectus, et ultrices arcu purus eget libero. Mauris sed enim euismod, volutpat ligula vitae, fermentum orci.', 'Suspendisse a ipsum vestibulum, hendrerit velit et, elementum est. Morbi dictum purus eu mauris pretium auctor. Nulla vitae metus eget dui vestibulum maximus at a augue. Class aptent taciti sociosqu ad litora torquent per conubia nostra, per inceptos himenaeos. Donec scelerisque hendrerit nulla, id efficitur lacus posuere vitae. Class aptent taciti sociosqu ad litora torquent per conubia nostra, per inceptos himenaeos. Etiam nunc nunc, porttitor ac enim a, tempor mattis nunc. Duis tristique volutpat tempor. Fusce viverra elit non orci porttitor elementum.\r\n\r\nProin sed mollis lorem. Integer laoreet euismod nunc, in dictum nisl rutrum vel. Etiam rhoncus ornare nulla ut placerat. Vestibulum ante eros, faucibus sed orci vel, luctus lobortis leo. Proin id mauris et enim finibus tristique non at nisi. Nam tincidunt ultrices orci, non posuere erat tristique id. Praesent mauris quam, faucibus id diam at, interdum tincidunt nunc. Donec massa libero, fringilla sed est at, bibendum rhoncus nisl. Sed lectus justo, pulvinar ut ante ac, bibendum fermentum mi. Nullam a orci ut sapien malesuada rutrum. Cras ex metus, venenatis sit amet tristique a, laoreet ac diam. Donec lobortis sodales lorem a tincidunt. Cras ut hendrerit mauris. Nulla facilisi. Nam nec eros lobortis leo maximus mattis a a nulla. Etiam posuere, ante sit amet sagittis sollicitudin, diam elit laoreet neque, non sagittis mi leo quis massa.'),
(2, 1, 'Lorem ipsum dolor sit amet', '2020-05-02 21:48:54', '2020-05-07 21:48:54', 'http://alimsatimcim.com/mobil/874223191.jpeg', 'Lorem ipsum dolor sit amet, consectetur adipiscing elit. Ut risus urna, mattis in dapibus ac, euismod sed enim. Pellentesque in cursus orci. Nunc nec risus eu turpis ullamcorper placerat. Suspendisse aliquam, elit ut lobortis euismod, felis nisi pretium lectus, et ultrices arcu purus eget libero. Mauris sed enim euismod, volutpat ligula vitae, fermentum orci.', 'Suspendisse a ipsum vestibulum, hendrerit velit et, elementum est. Morbi dictum purus eu mauris pretium auctor. Nulla vitae metus eget dui vestibulum maximus at a augue. Class aptent taciti sociosqu ad litora torquent per conubia nostra, per inceptos himenaeos. Donec scelerisque hendrerit nulla, id efficitur lacus posuere vitae. Class aptent taciti sociosqu ad litora torquent per conubia nostra, per inceptos himenaeos. Etiam nunc nunc, porttitor ac enim a, tempor mattis nunc. Duis tristique volutpat tempor. Fusce viverra elit non orci porttitor elementum.\r\n\r\nProin sed mollis lorem. Integer laoreet euismod nunc, in dictum nisl rutrum vel. Etiam rhoncus ornare nulla ut placerat. Vestibulum ante eros, faucibus sed orci vel, luctus lobortis leo. Proin id mauris et enim finibus tristique non at nisi. Nam tincidunt ultrices orci, non posuere erat tristique id. Praesent mauris quam, faucibus id diam at, interdum tincidunt nunc. Donec massa libero, fringilla sed est at, bibendum rhoncus nisl. Sed lectus justo, pulvinar ut ante ac, bibendum fermentum mi. Nullam a orci ut sapien malesuada rutrum. Cras ex metus, venenatis sit amet tristique a, laoreet ac diam. Donec lobortis sodales lorem a tincidunt. Cras ut hendrerit mauris. Nulla facilisi. Nam nec eros lobortis leo maximus mattis a a nulla. Etiam posuere, ante sit amet sagittis sollicitudin, diam elit laoreet neque, non sagittis mi leo quis massa.'),
(3, 2, 'Lorem ipsum dolor sit amet', '2020-05-02 21:48:54', '2020-05-07 21:48:54', 'http://alimsatimcim.com/mobil/874223191.jpeg', 'Lorem ipsum dolor sit amet, consectetur adipiscing elit. Ut risus urna, mattis in dapibus ac, euismod sed enim. Pellentesque in cursus orci. Nunc nec risus eu turpis ullamcorper placerat. Suspendisse aliquam, elit ut lobortis euismod, felis nisi pretium lectus, et ultrices arcu purus eget libero. Mauris sed enim euismod, volutpat ligula vitae, fermentum orci.', 'Suspendisse a ipsum vestibulum, hendrerit velit et, elementum est. Morbi dictum purus eu mauris pretium auctor. Nulla vitae metus eget dui vestibulum maximus at a augue. Class aptent taciti sociosqu ad litora torquent per conubia nostra, per inceptos himenaeos. Donec scelerisque hendrerit nulla, id efficitur lacus posuere vitae. Class aptent taciti sociosqu ad litora torquent per conubia nostra, per inceptos himenaeos. Etiam nunc nunc, porttitor ac enim a, tempor mattis nunc. Duis tristique volutpat tempor. Fusce viverra elit non orci porttitor elementum.\r\n\r\nProin sed mollis lorem. Integer laoreet euismod nunc, in dictum nisl rutrum vel. Etiam rhoncus ornare nulla ut placerat. Vestibulum ante eros, faucibus sed orci vel, luctus lobortis leo. Proin id mauris et enim finibus tristique non at nisi. Nam tincidunt ultrices orci, non posuere erat tristique id. Praesent mauris quam, faucibus id diam at, interdum tincidunt nunc. Donec massa libero, fringilla sed est at, bibendum rhoncus nisl. Sed lectus justo, pulvinar ut ante ac, bibendum fermentum mi. Nullam a orci ut sapien malesuada rutrum. Cras ex metus, venenatis sit amet tristique a, laoreet ac diam. Donec lobortis sodales lorem a tincidunt. Cras ut hendrerit mauris. Nulla facilisi. Nam nec eros lobortis leo maximus mattis a a nulla. Etiam posuere, ante sit amet sagittis sollicitudin, diam elit laoreet neque, non sagittis mi leo quis massa.'),
(4, 2, 'Lorem ipsum 1', '2020-05-03 22:05:13', '2020-05-07 21:45:59', 'http://alimsatimcim.com/mobil/240912590.jpg', 'Lorem ipsum dolor sit amet, consectetur adipiscing elit. Ut risus urna, mattis in dapibus ac, euismod sed enim. Pellentesque in cursus orci. Nunc nec risus eu turpis ullamcorper placerat. Suspendisse aliquam', 'Suspendisse a ipsum vestibulum, hendrerit velit et, elementum est. Morbi dictum purus eu mauris pretium auctor. Nulla vitae metus eget dui vestibulum maximus at a augue. Class aptent taciti sociosqu ad litora torquent per conubia nostra, per inceptos himenaeos. Donec scelerisque hendrerit nulla, id efficitur lacus posuere vitae. Class aptent taciti sociosqu ad litora torquent per conubia nostra, per inceptos himenaeos. Etiam nunc nunc, porttitor ac enim a, tempor mattis nunc. Duis tristique volutpat tempor. Fusce viverra elit non orci porttitor elementum.\r\n\r\nProin sed mollis lorem. Integer laoreet euismod nunc, in dictum nisl rutrum vel. Etiam rhoncus ornare nulla ut placerat. Vestibulum ante eros, faucibus sed orci vel, luctus lobortis leo. Proin id mauris et enim finibus tristique non at nisi. Nam tincidunt ultrices orci, non posuere erat tristique id. Praesent mauris quam, faucibus id diam at, interdum tincidunt nunc. Donec massa libero, fringilla sed est at, bibendum rhoncus nisl. Sed lectus justo, pulvinar ut ante ac, bibendum fermentum mi. Nullam a orci ut sapien malesuada rutrum. Cras ex metus, venenatis sit amet tristique a, laoreet ac diam. Donec lobortis sodales lorem a tincidunt. Cras ut hendrerit mauris. Nulla facilisi. Nam nec eros lobortis leo maximus mattis a a nulla. Etiam posuere, ante sit amet sagittis sollicitudin, diam elit laoreet neque, non sagittis mi leo quis massa.\r\n\r\nNullam urna augue, porttitor a tincidunt ac, bibendum et tellus. Integer faucibus odio eget dictum condimentum. Sed nisi dolor, congue volutpat suscipit ac, facilisis at orci. Nullam ultricies tellus orci, nec imperdiet felis dictum nec. Nullam condimentum blandit augue eget interdum. Praesent ullamcorper venenatis ante ac convallis. Curabitur eget ante quis nisl imperdiet luctus. Duis congue turpis nibh, ac euismod nulla malesuada eu. Nunc mattis felis quis aliquet mollis. Aliquam erat volutpat. Suspendisse potenti. Ut fermentum convallis aliquam. Nullam a luctus ligula. Class aptent taciti sociosqu ad litora torquent per conubia nostra, per inceptos himenaeos. Integer massa velit, ullamcorper at auctor a, dignissim gravida augue.'),
(5, 2, 'Lorem ipsum 2', '2020-05-03 22:05:13', '2020-05-07 21:45:59', 'http://alimsatimcim.com/mobil/240912590.jpg', 'Lorem ipsum dolor sit amet, consectetur adipiscing elit. Ut risus urna, mattis in dapibus ac, euismod sed enim. Pellentesque in cursus orci. Nunc nec risus eu turpis ullamcorper placerat. Suspendisse aliquam', 'Suspendisse a ipsum vestibulum, hendrerit velit et, elementum est. Morbi dictum purus eu mauris pretium auctor. Nulla vitae metus eget dui vestibulum maximus at a augue. Class aptent taciti sociosqu ad litora torquent per conubia nostra, per inceptos himenaeos. Donec scelerisque hendrerit nulla, id efficitur lacus posuere vitae. Class aptent taciti sociosqu ad litora torquent per conubia nostra, per inceptos himenaeos. Etiam nunc nunc, porttitor ac enim a, tempor mattis nunc. Duis tristique volutpat tempor. Fusce viverra elit non orci porttitor elementum.\r\n\r\nProin sed mollis lorem. Integer laoreet euismod nunc, in dictum nisl rutrum vel. Etiam rhoncus ornare nulla ut placerat. Vestibulum ante eros, faucibus sed orci vel, luctus lobortis leo. Proin id mauris et enim finibus tristique non at nisi. Nam tincidunt ultrices orci, non posuere erat tristique id. Praesent mauris quam, faucibus id diam at, interdum tincidunt nunc. Donec massa libero, fringilla sed est at, bibendum rhoncus nisl. Sed lectus justo, pulvinar ut ante ac, bibendum fermentum mi. Nullam a orci ut sapien malesuada rutrum. Cras ex metus, venenatis sit amet tristique a, laoreet ac diam. Donec lobortis sodales lorem a tincidunt. Cras ut hendrerit mauris. Nulla facilisi. Nam nec eros lobortis leo maximus mattis a a nulla. Etiam posuere, ante sit amet sagittis sollicitudin, diam elit laoreet neque, non sagittis mi leo quis massa.\r\n\r\nNullam urna augue, porttitor a tincidunt ac, bibendum et tellus. Integer faucibus odio eget dictum condimentum. Sed nisi dolor, congue volutpat suscipit ac, facilisis at orci. Nullam ultricies tellus orci, nec imperdiet felis dictum nec. Nullam condimentum blandit augue eget interdum. Praesent ullamcorper venenatis ante ac convallis. Curabitur eget ante quis nisl imperdiet luctus. Duis congue turpis nibh, ac euismod nulla malesuada eu. Nunc mattis felis quis aliquet mollis. Aliquam erat volutpat. Suspendisse potenti. Ut fermentum convallis aliquam. Nullam a luctus ligula. Class aptent taciti sociosqu ad litora torquent per conubia nostra, per inceptos himenaeos. Integer massa velit, ullamcorper at auctor a, dignissim gravida augue.'),
(6, 2, 'Lorem ipsum 3', '2020-05-03 22:05:13', '2020-05-07 21:45:59', 'http://alimsatimcim.com/mobil/240912590.jpg', 'Lorem ipsum dolor sit amet, consectetur adipiscing elit. Ut risus urna, mattis in dapibus ac, euismod sed enim. Pellentesque in cursus orci. Nunc nec risus eu turpis ullamcorper placerat. Suspendisse aliquam', 'Suspendisse a ipsum vestibulum, hendrerit velit et, elementum est. Morbi dictum purus eu mauris pretium auctor. Nulla vitae metus eget dui vestibulum maximus at a augue. Class aptent taciti sociosqu ad litora torquent per conubia nostra, per inceptos himenaeos. Donec scelerisque hendrerit nulla, id efficitur lacus posuere vitae. Class aptent taciti sociosqu ad litora torquent per conubia nostra, per inceptos himenaeos. Etiam nunc nunc, porttitor ac enim a, tempor mattis nunc. Duis tristique volutpat tempor. Fusce viverra elit non orci porttitor elementum.\r\n\r\nProin sed mollis lorem. Integer laoreet euismod nunc, in dictum nisl rutrum vel. Etiam rhoncus ornare nulla ut placerat. Vestibulum ante eros, faucibus sed orci vel, luctus lobortis leo. Proin id mauris et enim finibus tristique non at nisi. Nam tincidunt ultrices orci, non posuere erat tristique id. Praesent mauris quam, faucibus id diam at, interdum tincidunt nunc. Donec massa libero, fringilla sed est at, bibendum rhoncus nisl. Sed lectus justo, pulvinar ut ante ac, bibendum fermentum mi. Nullam a orci ut sapien malesuada rutrum. Cras ex metus, venenatis sit amet tristique a, laoreet ac diam. Donec lobortis sodales lorem a tincidunt. Cras ut hendrerit mauris. Nulla facilisi. Nam nec eros lobortis leo maximus mattis a a nulla. Etiam posuere, ante sit amet sagittis sollicitudin, diam elit laoreet neque, non sagittis mi leo quis massa.\r\n\r\nNullam urna augue, porttitor a tincidunt ac, bibendum et tellus. Integer faucibus odio eget dictum condimentum. Sed nisi dolor, congue volutpat suscipit ac, facilisis at orci. Nullam ultricies tellus orci, nec imperdiet felis dictum nec. Nullam condimentum blandit augue eget interdum. Praesent ullamcorper venenatis ante ac convallis. Curabitur eget ante quis nisl imperdiet luctus. Duis congue turpis nibh, ac euismod nulla malesuada eu. Nunc mattis felis quis aliquet mollis. Aliquam erat volutpat. Suspendisse potenti. Ut fermentum convallis aliquam. Nullam a luctus ligula. Class aptent taciti sociosqu ad litora torquent per conubia nostra, per inceptos himenaeos. Integer massa velit, ullamcorper at auctor a, dignissim gravida augue.'),
(7, 2, 'Lorem ipsum 4', '2020-05-03 22:05:13', '2020-05-07 21:45:59', 'http://alimsatimcim.com/mobil/240912590.jpg', 'Lorem ipsum dolor sit amet, consectetur adipiscing elit. Ut risus urna, mattis in dapibus ac, euismod sed enim. Pellentesque in cursus orci. Nunc nec risus eu turpis ullamcorper placerat. Suspendisse aliquam', 'Suspendisse a ipsum vestibulum, hendrerit velit et, elementum est. Morbi dictum purus eu mauris pretium auctor. Nulla vitae metus eget dui vestibulum maximus at a augue. Class aptent taciti sociosqu ad litora torquent per conubia nostra, per inceptos himenaeos. Donec scelerisque hendrerit nulla, id efficitur lacus posuere vitae. Class aptent taciti sociosqu ad litora torquent per conubia nostra, per inceptos himenaeos. Etiam nunc nunc, porttitor ac enim a, tempor mattis nunc. Duis tristique volutpat tempor. Fusce viverra elit non orci porttitor elementum.\r\n\r\nProin sed mollis lorem. Integer laoreet euismod nunc, in dictum nisl rutrum vel. Etiam rhoncus ornare nulla ut placerat. Vestibulum ante eros, faucibus sed orci vel, luctus lobortis leo. Proin id mauris et enim finibus tristique non at nisi. Nam tincidunt ultrices orci, non posuere erat tristique id. Praesent mauris quam, faucibus id diam at, interdum tincidunt nunc. Donec massa libero, fringilla sed est at, bibendum rhoncus nisl. Sed lectus justo, pulvinar ut ante ac, bibendum fermentum mi. Nullam a orci ut sapien malesuada rutrum. Cras ex metus, venenatis sit amet tristique a, laoreet ac diam. Donec lobortis sodales lorem a tincidunt. Cras ut hendrerit mauris. Nulla facilisi. Nam nec eros lobortis leo maximus mattis a a nulla. Etiam posuere, ante sit amet sagittis sollicitudin, diam elit laoreet neque, non sagittis mi leo quis massa.\r\n\r\nNullam urna augue, porttitor a tincidunt ac, bibendum et tellus. Integer faucibus odio eget dictum condimentum. Sed nisi dolor, congue volutpat suscipit ac, facilisis at orci. Nullam ultricies tellus orci, nec imperdiet felis dictum nec. Nullam condimentum blandit augue eget interdum. Praesent ullamcorper venenatis ante ac convallis. Curabitur eget ante quis nisl imperdiet luctus. Duis congue turpis nibh, ac euismod nulla malesuada eu. Nunc mattis felis quis aliquet mollis. Aliquam erat volutpat. Suspendisse potenti. Ut fermentum convallis aliquam. Nullam a luctus ligula. Class aptent taciti sociosqu ad litora torquent per conubia nostra, per inceptos himenaeos. Integer massa velit, ullamcorper at auctor a, dignissim gravida augue.'),
(8, 2, 'Lorem ipsum 5', '2020-05-03 22:05:13', '2020-05-07 21:45:59', 'http://alimsatimcim.com/mobil/240912590.jpg', 'Lorem ipsum dolor sit amet, consectetur adipiscing elit. Ut risus urna, mattis in dapibus ac, euismod sed enim. Pellentesque in cursus orci. Nunc nec risus eu turpis ullamcorper placerat. Suspendisse aliquam', 'Suspendisse a ipsum vestibulum, hendrerit velit et, elementum est. Morbi dictum purus eu mauris pretium auctor. Nulla vitae metus eget dui vestibulum maximus at a augue. Class aptent taciti sociosqu ad litora torquent per conubia nostra, per inceptos himenaeos. Donec scelerisque hendrerit nulla, id efficitur lacus posuere vitae. Class aptent taciti sociosqu ad litora torquent per conubia nostra, per inceptos himenaeos. Etiam nunc nunc, porttitor ac enim a, tempor mattis nunc. Duis tristique volutpat tempor. Fusce viverra elit non orci porttitor elementum.\r\n\r\nProin sed mollis lorem. Integer laoreet euismod nunc, in dictum nisl rutrum vel. Etiam rhoncus ornare nulla ut placerat. Vestibulum ante eros, faucibus sed orci vel, luctus lobortis leo. Proin id mauris et enim finibus tristique non at nisi. Nam tincidunt ultrices orci, non posuere erat tristique id. Praesent mauris quam, faucibus id diam at, interdum tincidunt nunc. Donec massa libero, fringilla sed est at, bibendum rhoncus nisl. Sed lectus justo, pulvinar ut ante ac, bibendum fermentum mi. Nullam a orci ut sapien malesuada rutrum. Cras ex metus, venenatis sit amet tristique a, laoreet ac diam. Donec lobortis sodales lorem a tincidunt. Cras ut hendrerit mauris. Nulla facilisi. Nam nec eros lobortis leo maximus mattis a a nulla. Etiam posuere, ante sit amet sagittis sollicitudin, diam elit laoreet neque, non sagittis mi leo quis massa.\r\n\r\nNullam urna augue, porttitor a tincidunt ac, bibendum et tellus. Integer faucibus odio eget dictum condimentum. Sed nisi dolor, congue volutpat suscipit ac, facilisis at orci. Nullam ultricies tellus orci, nec imperdiet felis dictum nec. Nullam condimentum blandit augue eget interdum. Praesent ullamcorper venenatis ante ac convallis. Curabitur eget ante quis nisl imperdiet luctus. Duis congue turpis nibh, ac euismod nulla malesuada eu. Nunc mattis felis quis aliquet mollis. Aliquam erat volutpat. Suspendisse potenti. Ut fermentum convallis aliquam. Nullam a luctus ligula. Class aptent taciti sociosqu ad litora torquent per conubia nostra, per inceptos himenaeos. Integer massa velit, ullamcorper at auctor a, dignissim gravida augue.'),
(9, 2, 'Lorem ipsum 6', '2020-05-03 22:05:56', '2020-05-07 21:45:59', 'http://alimsatimcim.com/mobil/240912590.jpg', 'Lorem ipsum dolor sit amet, consectetur adipiscing elit. Ut risus urna, mattis in dapibus ac, euismod sed enim. Pellentesque in cursus orci. Nunc nec risus eu turpis ullamcorper placerat. Suspendisse aliquam', 'Suspendisse a ipsum vestibulum, hendrerit velit et, elementum est. Morbi dictum purus eu mauris pretium auctor. Nulla vitae metus eget dui vestibulum maximus at a augue. Class aptent taciti sociosqu ad litora torquent per conubia nostra, per inceptos himenaeos. Donec scelerisque hendrerit nulla, id efficitur lacus posuere vitae. Class aptent taciti sociosqu ad litora torquent per conubia nostra, per inceptos himenaeos. Etiam nunc nunc, porttitor ac enim a, tempor mattis nunc. Duis tristique volutpat tempor. Fusce viverra elit non orci porttitor elementum.\r\n\r\nProin sed mollis lorem. Integer laoreet euismod nunc, in dictum nisl rutrum vel. Etiam rhoncus ornare nulla ut placerat. Vestibulum ante eros, faucibus sed orci vel, luctus lobortis leo. Proin id mauris et enim finibus tristique non at nisi. Nam tincidunt ultrices orci, non posuere erat tristique id. Praesent mauris quam, faucibus id diam at, interdum tincidunt nunc. Donec massa libero, fringilla sed est at, bibendum rhoncus nisl. Sed lectus justo, pulvinar ut ante ac, bibendum fermentum mi. Nullam a orci ut sapien malesuada rutrum. Cras ex metus, venenatis sit amet tristique a, laoreet ac diam. Donec lobortis sodales lorem a tincidunt. Cras ut hendrerit mauris. Nulla facilisi. Nam nec eros lobortis leo maximus mattis a a nulla. Etiam posuere, ante sit amet sagittis sollicitudin, diam elit laoreet neque, non sagittis mi leo quis massa.\r\n\r\nNullam urna augue, porttitor a tincidunt ac, bibendum et tellus. Integer faucibus odio eget dictum condimentum. Sed nisi dolor, congue volutpat suscipit ac, facilisis at orci. Nullam ultricies tellus orci, nec imperdiet felis dictum nec. Nullam condimentum blandit augue eget interdum. Praesent ullamcorper venenatis ante ac convallis. Curabitur eget ante quis nisl imperdiet luctus. Duis congue turpis nibh, ac euismod nulla malesuada eu. Nunc mattis felis quis aliquet mollis. Aliquam erat volutpat. Suspendisse potenti. Ut fermentum convallis aliquam. Nullam a luctus ligula. Class aptent taciti sociosqu ad litora torquent per conubia nostra, per inceptos himenaeos. Integer massa velit, ullamcorper at auctor a, dignissim gravida augue.'),
(10, 2, 'Lorem ipsum 7', '2020-05-03 22:05:56', '2020-05-07 21:45:59', 'http://alimsatimcim.com/mobil/240912590.jpg', 'Lorem ipsum dolor sit amet, consectetur adipiscing elit. Ut risus urna, mattis in dapibus ac, euismod sed enim. Pellentesque in cursus orci. Nunc nec risus eu turpis ullamcorper placerat. Suspendisse aliquam', 'Suspendisse a ipsum vestibulum, hendrerit velit et, elementum est. Morbi dictum purus eu mauris pretium auctor. Nulla vitae metus eget dui vestibulum maximus at a augue. Class aptent taciti sociosqu ad litora torquent per conubia nostra, per inceptos himenaeos. Donec scelerisque hendrerit nulla, id efficitur lacus posuere vitae. Class aptent taciti sociosqu ad litora torquent per conubia nostra, per inceptos himenaeos. Etiam nunc nunc, porttitor ac enim a, tempor mattis nunc. Duis tristique volutpat tempor. Fusce viverra elit non orci porttitor elementum.\r\n\r\nProin sed mollis lorem. Integer laoreet euismod nunc, in dictum nisl rutrum vel. Etiam rhoncus ornare nulla ut placerat. Vestibulum ante eros, faucibus sed orci vel, luctus lobortis leo. Proin id mauris et enim finibus tristique non at nisi. Nam tincidunt ultrices orci, non posuere erat tristique id. Praesent mauris quam, faucibus id diam at, interdum tincidunt nunc. Donec massa libero, fringilla sed est at, bibendum rhoncus nisl. Sed lectus justo, pulvinar ut ante ac, bibendum fermentum mi. Nullam a orci ut sapien malesuada rutrum. Cras ex metus, venenatis sit amet tristique a, laoreet ac diam. Donec lobortis sodales lorem a tincidunt. Cras ut hendrerit mauris. Nulla facilisi. Nam nec eros lobortis leo maximus mattis a a nulla. Etiam posuere, ante sit amet sagittis sollicitudin, diam elit laoreet neque, non sagittis mi leo quis massa.\r\n\r\nNullam urna augue, porttitor a tincidunt ac, bibendum et tellus. Integer faucibus odio eget dictum condimentum. Sed nisi dolor, congue volutpat suscipit ac, facilisis at orci. Nullam ultricies tellus orci, nec imperdiet felis dictum nec. Nullam condimentum blandit augue eget interdum. Praesent ullamcorper venenatis ante ac convallis. Curabitur eget ante quis nisl imperdiet luctus. Duis congue turpis nibh, ac euismod nulla malesuada eu. Nunc mattis felis quis aliquet mollis. Aliquam erat volutpat. Suspendisse potenti. Ut fermentum convallis aliquam. Nullam a luctus ligula. Class aptent taciti sociosqu ad litora torquent per conubia nostra, per inceptos himenaeos. Integer massa velit, ullamcorper at auctor a, dignissim gravida augue.'),
(11, 2, 'Lorem ipsum 8', '2020-05-03 22:05:56', '2020-05-07 21:45:59', 'http://alimsatimcim.com/mobil/240912590.jpg', 'Lorem ipsum dolor sit amet, consectetur adipiscing elit. Ut risus urna, mattis in dapibus ac, euismod sed enim. Pellentesque in cursus orci. Nunc nec risus eu turpis ullamcorper placerat. Suspendisse aliquam', 'Suspendisse a ipsum vestibulum, hendrerit velit et, elementum est. Morbi dictum purus eu mauris pretium auctor. Nulla vitae metus eget dui vestibulum maximus at a augue. Class aptent taciti sociosqu ad litora torquent per conubia nostra, per inceptos himenaeos. Donec scelerisque hendrerit nulla, id efficitur lacus posuere vitae. Class aptent taciti sociosqu ad litora torquent per conubia nostra, per inceptos himenaeos. Etiam nunc nunc, porttitor ac enim a, tempor mattis nunc. Duis tristique volutpat tempor. Fusce viverra elit non orci porttitor elementum.\r\n\r\nProin sed mollis lorem. Integer laoreet euismod nunc, in dictum nisl rutrum vel. Etiam rhoncus ornare nulla ut placerat. Vestibulum ante eros, faucibus sed orci vel, luctus lobortis leo. Proin id mauris et enim finibus tristique non at nisi. Nam tincidunt ultrices orci, non posuere erat tristique id. Praesent mauris quam, faucibus id diam at, interdum tincidunt nunc. Donec massa libero, fringilla sed est at, bibendum rhoncus nisl. Sed lectus justo, pulvinar ut ante ac, bibendum fermentum mi. Nullam a orci ut sapien malesuada rutrum. Cras ex metus, venenatis sit amet tristique a, laoreet ac diam. Donec lobortis sodales lorem a tincidunt. Cras ut hendrerit mauris. Nulla facilisi. Nam nec eros lobortis leo maximus mattis a a nulla. Etiam posuere, ante sit amet sagittis sollicitudin, diam elit laoreet neque, non sagittis mi leo quis massa.\r\n\r\nNullam urna augue, porttitor a tincidunt ac, bibendum et tellus. Integer faucibus odio eget dictum condimentum. Sed nisi dolor, congue volutpat suscipit ac, facilisis at orci. Nullam ultricies tellus orci, nec imperdiet felis dictum nec. Nullam condimentum blandit augue eget interdum. Praesent ullamcorper venenatis ante ac convallis. Curabitur eget ante quis nisl imperdiet luctus. Duis congue turpis nibh, ac euismod nulla malesuada eu. Nunc mattis felis quis aliquet mollis. Aliquam erat volutpat. Suspendisse potenti. Ut fermentum convallis aliquam. Nullam a luctus ligula. Class aptent taciti sociosqu ad litora torquent per conubia nostra, per inceptos himenaeos. Integer massa velit, ullamcorper at auctor a, dignissim gravida augue.'),
(12, 2, 'Lorem ipsum 9', '2020-05-03 22:05:56', '2020-05-07 21:45:59', 'http://alimsatimcim.com/mobil/240912590.jpg', 'Lorem ipsum dolor sit amet, consectetur adipiscing elit. Ut risus urna, mattis in dapibus ac, euismod sed enim. Pellentesque in cursus orci. Nunc nec risus eu turpis ullamcorper placerat. Suspendisse aliquam', 'Suspendisse a ipsum vestibulum, hendrerit velit et, elementum est. Morbi dictum purus eu mauris pretium auctor. Nulla vitae metus eget dui vestibulum maximus at a augue. Class aptent taciti sociosqu ad litora torquent per conubia nostra, per inceptos himenaeos. Donec scelerisque hendrerit nulla, id efficitur lacus posuere vitae. Class aptent taciti sociosqu ad litora torquent per conubia nostra, per inceptos himenaeos. Etiam nunc nunc, porttitor ac enim a, tempor mattis nunc. Duis tristique volutpat tempor. Fusce viverra elit non orci porttitor elementum.\r\n\r\nProin sed mollis lorem. Integer laoreet euismod nunc, in dictum nisl rutrum vel. Etiam rhoncus ornare nulla ut placerat. Vestibulum ante eros, faucibus sed orci vel, luctus lobortis leo. Proin id mauris et enim finibus tristique non at nisi. Nam tincidunt ultrices orci, non posuere erat tristique id. Praesent mauris quam, faucibus id diam at, interdum tincidunt nunc. Donec massa libero, fringilla sed est at, bibendum rhoncus nisl. Sed lectus justo, pulvinar ut ante ac, bibendum fermentum mi. Nullam a orci ut sapien malesuada rutrum. Cras ex metus, venenatis sit amet tristique a, laoreet ac diam. Donec lobortis sodales lorem a tincidunt. Cras ut hendrerit mauris. Nulla facilisi. Nam nec eros lobortis leo maximus mattis a a nulla. Etiam posuere, ante sit amet sagittis sollicitudin, diam elit laoreet neque, non sagittis mi leo quis massa.\r\n\r\nNullam urna augue, porttitor a tincidunt ac, bibendum et tellus. Integer faucibus odio eget dictum condimentum. Sed nisi dolor, congue volutpat suscipit ac, facilisis at orci. Nullam ultricies tellus orci, nec imperdiet felis dictum nec. Nullam condimentum blandit augue eget interdum. Praesent ullamcorper venenatis ante ac convallis. Curabitur eget ante quis nisl imperdiet luctus. Duis congue turpis nibh, ac euismod nulla malesuada eu. Nunc mattis felis quis aliquet mollis. Aliquam erat volutpat. Suspendisse potenti. Ut fermentum convallis aliquam. Nullam a luctus ligula. Class aptent taciti sociosqu ad litora torquent per conubia nostra, per inceptos himenaeos. Integer massa velit, ullamcorper at auctor a, dignissim gravida augue.'),
(13, 2, 'Lorem ipsum 10', '2020-05-03 22:05:56', '2020-05-07 21:45:59', 'http://alimsatimcim.com/mobil/240912590.jpg', 'Lorem ipsum dolor sit amet, consectetur adipiscing elit. Ut risus urna, mattis in dapibus ac, euismod sed enim. Pellentesque in cursus orci. Nunc nec risus eu turpis ullamcorper placerat. Suspendisse aliquam', 'Suspendisse a ipsum vestibulum, hendrerit velit et, elementum est. Morbi dictum purus eu mauris pretium auctor. Nulla vitae metus eget dui vestibulum maximus at a augue. Class aptent taciti sociosqu ad litora torquent per conubia nostra, per inceptos himenaeos. Donec scelerisque hendrerit nulla, id efficitur lacus posuere vitae. Class aptent taciti sociosqu ad litora torquent per conubia nostra, per inceptos himenaeos. Etiam nunc nunc, porttitor ac enim a, tempor mattis nunc. Duis tristique volutpat tempor. Fusce viverra elit non orci porttitor elementum.\r\n\r\nProin sed mollis lorem. Integer laoreet euismod nunc, in dictum nisl rutrum vel. Etiam rhoncus ornare nulla ut placerat. Vestibulum ante eros, faucibus sed orci vel, luctus lobortis leo. Proin id mauris et enim finibus tristique non at nisi. Nam tincidunt ultrices orci, non posuere erat tristique id. Praesent mauris quam, faucibus id diam at, interdum tincidunt nunc. Donec massa libero, fringilla sed est at, bibendum rhoncus nisl. Sed lectus justo, pulvinar ut ante ac, bibendum fermentum mi. Nullam a orci ut sapien malesuada rutrum. Cras ex metus, venenatis sit amet tristique a, laoreet ac diam. Donec lobortis sodales lorem a tincidunt. Cras ut hendrerit mauris. Nulla facilisi. Nam nec eros lobortis leo maximus mattis a a nulla. Etiam posuere, ante sit amet sagittis sollicitudin, diam elit laoreet neque, non sagittis mi leo quis massa.\r\n\r\nNullam urna augue, porttitor a tincidunt ac, bibendum et tellus. Integer faucibus odio eget dictum condimentum. Sed nisi dolor, congue volutpat suscipit ac, facilisis at orci. Nullam ultricies tellus orci, nec imperdiet felis dictum nec. Nullam condimentum blandit augue eget interdum. Praesent ullamcorper venenatis ante ac convallis. Curabitur eget ante quis nisl imperdiet luctus. Duis congue turpis nibh, ac euismod nulla malesuada eu. Nunc mattis felis quis aliquet mollis. Aliquam erat volutpat. Suspendisse potenti. Ut fermentum convallis aliquam. Nullam a luctus ligula. Class aptent taciti sociosqu ad litora torquent per conubia nostra, per inceptos himenaeos. Integer massa velit, ullamcorper at auctor a, dignissim gravida augue.'),
(14, 2, 'Lorem ipsum 11', '2020-05-03 22:05:56', '2020-05-07 21:45:59', 'http://alimsatimcim.com/mobil/240912590.jpg', 'Lorem ipsum dolor sit amet, consectetur adipiscing elit. Ut risus urna, mattis in dapibus ac, euismod sed enim. Pellentesque in cursus orci. Nunc nec risus eu turpis ullamcorper placerat. Suspendisse aliquam', 'Suspendisse a ipsum vestibulum, hendrerit velit et, elementum est. Morbi dictum purus eu mauris pretium auctor. Nulla vitae metus eget dui vestibulum maximus at a augue. Class aptent taciti sociosqu ad litora torquent per conubia nostra, per inceptos himenaeos. Donec scelerisque hendrerit nulla, id efficitur lacus posuere vitae. Class aptent taciti sociosqu ad litora torquent per conubia nostra, per inceptos himenaeos. Etiam nunc nunc, porttitor ac enim a, tempor mattis nunc. Duis tristique volutpat tempor. Fusce viverra elit non orci porttitor elementum.\r\n\r\nProin sed mollis lorem. Integer laoreet euismod nunc, in dictum nisl rutrum vel. Etiam rhoncus ornare nulla ut placerat. Vestibulum ante eros, faucibus sed orci vel, luctus lobortis leo. Proin id mauris et enim finibus tristique non at nisi. Nam tincidunt ultrices orci, non posuere erat tristique id. Praesent mauris quam, faucibus id diam at, interdum tincidunt nunc. Donec massa libero, fringilla sed est at, bibendum rhoncus nisl. Sed lectus justo, pulvinar ut ante ac, bibendum fermentum mi. Nullam a orci ut sapien malesuada rutrum. Cras ex metus, venenatis sit amet tristique a, laoreet ac diam. Donec lobortis sodales lorem a tincidunt. Cras ut hendrerit mauris. Nulla facilisi. Nam nec eros lobortis leo maximus mattis a a nulla. Etiam posuere, ante sit amet sagittis sollicitudin, diam elit laoreet neque, non sagittis mi leo quis massa.\r\n\r\nNullam urna augue, porttitor a tincidunt ac, bibendum et tellus. Integer faucibus odio eget dictum condimentum. Sed nisi dolor, congue volutpat suscipit ac, facilisis at orci. Nullam ultricies tellus orci, nec imperdiet felis dictum nec. Nullam condimentum blandit augue eget interdum. Praesent ullamcorper venenatis ante ac convallis. Curabitur eget ante quis nisl imperdiet luctus. Duis congue turpis nibh, ac euismod nulla malesuada eu. Nunc mattis felis quis aliquet mollis. Aliquam erat volutpat. Suspendisse potenti. Ut fermentum convallis aliquam. Nullam a luctus ligula. Class aptent taciti sociosqu ad litora torquent per conubia nostra, per inceptos himenaeos. Integer massa velit, ullamcorper at auctor a, dignissim gravida augue.'),
(15, 2, 'Lorem ipsum 12', '2020-05-03 22:05:56', '2020-05-07 21:45:59', 'http://alimsatimcim.com/mobil/240912590.jpg', 'Lorem ipsum dolor sit amet, consectetur adipiscing elit. Ut risus urna, mattis in dapibus ac, euismod sed enim. Pellentesque in cursus orci. Nunc nec risus eu turpis ullamcorper placerat. Suspendisse aliquam', 'Suspendisse a ipsum vestibulum, hendrerit velit et, elementum est. Morbi dictum purus eu mauris pretium auctor. Nulla vitae metus eget dui vestibulum maximus at a augue. Class aptent taciti sociosqu ad litora torquent per conubia nostra, per inceptos himenaeos. Donec scelerisque hendrerit nulla, id efficitur lacus posuere vitae. Class aptent taciti sociosqu ad litora torquent per conubia nostra, per inceptos himenaeos. Etiam nunc nunc, porttitor ac enim a, tempor mattis nunc. Duis tristique volutpat tempor. Fusce viverra elit non orci porttitor elementum.\r\n\r\nProin sed mollis lorem. Integer laoreet euismod nunc, in dictum nisl rutrum vel. Etiam rhoncus ornare nulla ut placerat. Vestibulum ante eros, faucibus sed orci vel, luctus lobortis leo. Proin id mauris et enim finibus tristique non at nisi. Nam tincidunt ultrices orci, non posuere erat tristique id. Praesent mauris quam, faucibus id diam at, interdum tincidunt nunc. Donec massa libero, fringilla sed est at, bibendum rhoncus nisl. Sed lectus justo, pulvinar ut ante ac, bibendum fermentum mi. Nullam a orci ut sapien malesuada rutrum. Cras ex metus, venenatis sit amet tristique a, laoreet ac diam. Donec lobortis sodales lorem a tincidunt. Cras ut hendrerit mauris. Nulla facilisi. Nam nec eros lobortis leo maximus mattis a a nulla. Etiam posuere, ante sit amet sagittis sollicitudin, diam elit laoreet neque, non sagittis mi leo quis massa.\r\n\r\nNullam urna augue, porttitor a tincidunt ac, bibendum et tellus. Integer faucibus odio eget dictum condimentum. Sed nisi dolor, congue volutpat suscipit ac, facilisis at orci. Nullam ultricies tellus orci, nec imperdiet felis dictum nec. Nullam condimentum blandit augue eget interdum. Praesent ullamcorper venenatis ante ac convallis. Curabitur eget ante quis nisl imperdiet luctus. Duis congue turpis nibh, ac euismod nulla malesuada eu. Nunc mattis felis quis aliquet mollis. Aliquam erat volutpat. Suspendisse potenti. Ut fermentum convallis aliquam. Nullam a luctus ligula. Class aptent taciti sociosqu ad litora torquent per conubia nostra, per inceptos himenaeos. Integer massa velit, ullamcorper at auctor a, dignissim gravida augue.'),
(16, 2, 'Lorem ipsum 13', '2020-05-03 22:05:56', '2020-05-07 21:45:59', 'http://alimsatimcim.com/mobil/240912590.jpg', 'Lorem ipsum dolor sit amet, consectetur adipiscing elit. Ut risus urna, mattis in dapibus ac, euismod sed enim. Pellentesque in cursus orci. Nunc nec risus eu turpis ullamcorper placerat. Suspendisse aliquam', 'Suspendisse a ipsum vestibulum, hendrerit velit et, elementum est. Morbi dictum purus eu mauris pretium auctor. Nulla vitae metus eget dui vestibulum maximus at a augue. Class aptent taciti sociosqu ad litora torquent per conubia nostra, per inceptos himenaeos. Donec scelerisque hendrerit nulla, id efficitur lacus posuere vitae. Class aptent taciti sociosqu ad litora torquent per conubia nostra, per inceptos himenaeos. Etiam nunc nunc, porttitor ac enim a, tempor mattis nunc. Duis tristique volutpat tempor. Fusce viverra elit non orci porttitor elementum.\r\n\r\nProin sed mollis lorem. Integer laoreet euismod nunc, in dictum nisl rutrum vel. Etiam rhoncus ornare nulla ut placerat. Vestibulum ante eros, faucibus sed orci vel, luctus lobortis leo. Proin id mauris et enim finibus tristique non at nisi. Nam tincidunt ultrices orci, non posuere erat tristique id. Praesent mauris quam, faucibus id diam at, interdum tincidunt nunc. Donec massa libero, fringilla sed est at, bibendum rhoncus nisl. Sed lectus justo, pulvinar ut ante ac, bibendum fermentum mi. Nullam a orci ut sapien malesuada rutrum. Cras ex metus, venenatis sit amet tristique a, laoreet ac diam. Donec lobortis sodales lorem a tincidunt. Cras ut hendrerit mauris. Nulla facilisi. Nam nec eros lobortis leo maximus mattis a a nulla. Etiam posuere, ante sit amet sagittis sollicitudin, diam elit laoreet neque, non sagittis mi leo quis massa.\r\n\r\nNullam urna augue, porttitor a tincidunt ac, bibendum et tellus. Integer faucibus odio eget dictum condimentum. Sed nisi dolor, congue volutpat suscipit ac, facilisis at orci. Nullam ultricies tellus orci, nec imperdiet felis dictum nec. Nullam condimentum blandit augue eget interdum. Praesent ullamcorper venenatis ante ac convallis. Curabitur eget ante quis nisl imperdiet luctus. Duis congue turpis nibh, ac euismod nulla malesuada eu. Nunc mattis felis quis aliquet mollis. Aliquam erat volutpat. Suspendisse potenti. Ut fermentum convallis aliquam. Nullam a luctus ligula. Class aptent taciti sociosqu ad litora torquent per conubia nostra, per inceptos himenaeos. Integer massa velit, ullamcorper at auctor a, dignissim gravida augue.'),
(17, 2, 'Lorem ipsum 14', '2020-05-03 22:05:56', '2020-05-07 21:45:59', 'http://alimsatimcim.com/mobil/240912590.jpg', 'Lorem ipsum dolor sit amet, consectetur adipiscing elit. Ut risus urna, mattis in dapibus ac, euismod sed enim. Pellentesque in cursus orci. Nunc nec risus eu turpis ullamcorper placerat. Suspendisse aliquam', 'Suspendisse a ipsum vestibulum, hendrerit velit et, elementum est. Morbi dictum purus eu mauris pretium auctor. Nulla vitae metus eget dui vestibulum maximus at a augue. Class aptent taciti sociosqu ad litora torquent per conubia nostra, per inceptos himenaeos. Donec scelerisque hendrerit nulla, id efficitur lacus posuere vitae. Class aptent taciti sociosqu ad litora torquent per conubia nostra, per inceptos himenaeos. Etiam nunc nunc, porttitor ac enim a, tempor mattis nunc. Duis tristique volutpat tempor. Fusce viverra elit non orci porttitor elementum.\r\n\r\nProin sed mollis lorem. Integer laoreet euismod nunc, in dictum nisl rutrum vel. Etiam rhoncus ornare nulla ut placerat. Vestibulum ante eros, faucibus sed orci vel, luctus lobortis leo. Proin id mauris et enim finibus tristique non at nisi. Nam tincidunt ultrices orci, non posuere erat tristique id. Praesent mauris quam, faucibus id diam at, interdum tincidunt nunc. Donec massa libero, fringilla sed est at, bibendum rhoncus nisl. Sed lectus justo, pulvinar ut ante ac, bibendum fermentum mi. Nullam a orci ut sapien malesuada rutrum. Cras ex metus, venenatis sit amet tristique a, laoreet ac diam. Donec lobortis sodales lorem a tincidunt. Cras ut hendrerit mauris. Nulla facilisi. Nam nec eros lobortis leo maximus mattis a a nulla. Etiam posuere, ante sit amet sagittis sollicitudin, diam elit laoreet neque, non sagittis mi leo quis massa.\r\n\r\nNullam urna augue, porttitor a tincidunt ac, bibendum et tellus. Integer faucibus odio eget dictum condimentum. Sed nisi dolor, congue volutpat suscipit ac, facilisis at orci. Nullam ultricies tellus orci, nec imperdiet felis dictum nec. Nullam condimentum blandit augue eget interdum. Praesent ullamcorper venenatis ante ac convallis. Curabitur eget ante quis nisl imperdiet luctus. Duis congue turpis nibh, ac euismod nulla malesuada eu. Nunc mattis felis quis aliquet mollis. Aliquam erat volutpat. Suspendisse potenti. Ut fermentum convallis aliquam. Nullam a luctus ligula. Class aptent taciti sociosqu ad litora torquent per conubia nostra, per inceptos himenaeos. Integer massa velit, ullamcorper at auctor a, dignissim gravida augue.'),
(18, 2, 'Lorem ipsum 15', '2020-05-03 22:05:56', '2020-05-07 21:45:59', 'http://alimsatimcim.com/mobil/240912590.jpg', 'Lorem ipsum dolor sit amet, consectetur adipiscing elit. Ut risus urna, mattis in dapibus ac, euismod sed enim. Pellentesque in cursus orci. Nunc nec risus eu turpis ullamcorper placerat. Suspendisse aliquam', 'Suspendisse a ipsum vestibulum, hendrerit velit et, elementum est. Morbi dictum purus eu mauris pretium auctor. Nulla vitae metus eget dui vestibulum maximus at a augue. Class aptent taciti sociosqu ad litora torquent per conubia nostra, per inceptos himenaeos. Donec scelerisque hendrerit nulla, id efficitur lacus posuere vitae. Class aptent taciti sociosqu ad litora torquent per conubia nostra, per inceptos himenaeos. Etiam nunc nunc, porttitor ac enim a, tempor mattis nunc. Duis tristique volutpat tempor. Fusce viverra elit non orci porttitor elementum.\r\n\r\nProin sed mollis lorem. Integer laoreet euismod nunc, in dictum nisl rutrum vel. Etiam rhoncus ornare nulla ut placerat. Vestibulum ante eros, faucibus sed orci vel, luctus lobortis leo. Proin id mauris et enim finibus tristique non at nisi. Nam tincidunt ultrices orci, non posuere erat tristique id. Praesent mauris quam, faucibus id diam at, interdum tincidunt nunc. Donec massa libero, fringilla sed est at, bibendum rhoncus nisl. Sed lectus justo, pulvinar ut ante ac, bibendum fermentum mi. Nullam a orci ut sapien malesuada rutrum. Cras ex metus, venenatis sit amet tristique a, laoreet ac diam. Donec lobortis sodales lorem a tincidunt. Cras ut hendrerit mauris. Nulla facilisi. Nam nec eros lobortis leo maximus mattis a a nulla. Etiam posuere, ante sit amet sagittis sollicitudin, diam elit laoreet neque, non sagittis mi leo quis massa.\r\n\r\nNullam urna augue, porttitor a tincidunt ac, bibendum et tellus. Integer faucibus odio eget dictum condimentum. Sed nisi dolor, congue volutpat suscipit ac, facilisis at orci. Nullam ultricies tellus orci, nec imperdiet felis dictum nec. Nullam condimentum blandit augue eget interdum. Praesent ullamcorper venenatis ante ac convallis. Curabitur eget ante quis nisl imperdiet luctus. Duis congue turpis nibh, ac euismod nulla malesuada eu. Nunc mattis felis quis aliquet mollis. Aliquam erat volutpat. Suspendisse potenti. Ut fermentum convallis aliquam. Nullam a luctus ligula. Class aptent taciti sociosqu ad litora torquent per conubia nostra, per inceptos himenaeos. Integer massa velit, ullamcorper at auctor a, dignissim gravida augue.'),
(19, 2, 'Lorem ipsum 16', '2020-05-03 22:05:56', '2020-05-07 21:45:59', 'http://alimsatimcim.com/mobil/240912590.jpg', 'Lorem ipsum dolor sit amet, consectetur adipiscing elit. Ut risus urna, mattis in dapibus ac, euismod sed enim. Pellentesque in cursus orci. Nunc nec risus eu turpis ullamcorper placerat. Suspendisse aliquam', 'Suspendisse a ipsum vestibulum, hendrerit velit et, elementum est. Morbi dictum purus eu mauris pretium auctor. Nulla vitae metus eget dui vestibulum maximus at a augue. Class aptent taciti sociosqu ad litora torquent per conubia nostra, per inceptos himenaeos. Donec scelerisque hendrerit nulla, id efficitur lacus posuere vitae. Class aptent taciti sociosqu ad litora torquent per conubia nostra, per inceptos himenaeos. Etiam nunc nunc, porttitor ac enim a, tempor mattis nunc. Duis tristique volutpat tempor. Fusce viverra elit non orci porttitor elementum.\r\n\r\nProin sed mollis lorem. Integer laoreet euismod nunc, in dictum nisl rutrum vel. Etiam rhoncus ornare nulla ut placerat. Vestibulum ante eros, faucibus sed orci vel, luctus lobortis leo. Proin id mauris et enim finibus tristique non at nisi. Nam tincidunt ultrices orci, non posuere erat tristique id. Praesent mauris quam, faucibus id diam at, interdum tincidunt nunc. Donec massa libero, fringilla sed est at, bibendum rhoncus nisl. Sed lectus justo, pulvinar ut ante ac, bibendum fermentum mi. Nullam a orci ut sapien malesuada rutrum. Cras ex metus, venenatis sit amet tristique a, laoreet ac diam. Donec lobortis sodales lorem a tincidunt. Cras ut hendrerit mauris. Nulla facilisi. Nam nec eros lobortis leo maximus mattis a a nulla. Etiam posuere, ante sit amet sagittis sollicitudin, diam elit laoreet neque, non sagittis mi leo quis massa.\r\n\r\nNullam urna augue, porttitor a tincidunt ac, bibendum et tellus. Integer faucibus odio eget dictum condimentum. Sed nisi dolor, congue volutpat suscipit ac, facilisis at orci. Nullam ultricies tellus orci, nec imperdiet felis dictum nec. Nullam condimentum blandit augue eget interdum. Praesent ullamcorper venenatis ante ac convallis. Curabitur eget ante quis nisl imperdiet luctus. Duis congue turpis nibh, ac euismod nulla malesuada eu. Nunc mattis felis quis aliquet mollis. Aliquam erat volutpat. Suspendisse potenti. Ut fermentum convallis aliquam. Nullam a luctus ligula. Class aptent taciti sociosqu ad litora torquent per conubia nostra, per inceptos himenaeos. Integer massa velit, ullamcorper at auctor a, dignissim gravida augue.'),
(20, 2, 'Lorem ipsum 17', '2020-05-03 22:05:56', '2020-05-07 21:45:59', 'http://alimsatimcim.com/mobil/240912590.jpg', 'Lorem ipsum dolor sit amet, consectetur adipiscing elit. Ut risus urna, mattis in dapibus ac, euismod sed enim. Pellentesque in cursus orci. Nunc nec risus eu turpis ullamcorper placerat. Suspendisse aliquam', 'Suspendisse a ipsum vestibulum, hendrerit velit et, elementum est. Morbi dictum purus eu mauris pretium auctor. Nulla vitae metus eget dui vestibulum maximus at a augue. Class aptent taciti sociosqu ad litora torquent per conubia nostra, per inceptos himenaeos. Donec scelerisque hendrerit nulla, id efficitur lacus posuere vitae. Class aptent taciti sociosqu ad litora torquent per conubia nostra, per inceptos himenaeos. Etiam nunc nunc, porttitor ac enim a, tempor mattis nunc. Duis tristique volutpat tempor. Fusce viverra elit non orci porttitor elementum.\r\n\r\nProin sed mollis lorem. Integer laoreet euismod nunc, in dictum nisl rutrum vel. Etiam rhoncus ornare nulla ut placerat. Vestibulum ante eros, faucibus sed orci vel, luctus lobortis leo. Proin id mauris et enim finibus tristique non at nisi. Nam tincidunt ultrices orci, non posuere erat tristique id. Praesent mauris quam, faucibus id diam at, interdum tincidunt nunc. Donec massa libero, fringilla sed est at, bibendum rhoncus nisl. Sed lectus justo, pulvinar ut ante ac, bibendum fermentum mi. Nullam a orci ut sapien malesuada rutrum. Cras ex metus, venenatis sit amet tristique a, laoreet ac diam. Donec lobortis sodales lorem a tincidunt. Cras ut hendrerit mauris. Nulla facilisi. Nam nec eros lobortis leo maximus mattis a a nulla. Etiam posuere, ante sit amet sagittis sollicitudin, diam elit laoreet neque, non sagittis mi leo quis massa.\r\n\r\nNullam urna augue, porttitor a tincidunt ac, bibendum et tellus. Integer faucibus odio eget dictum condimentum. Sed nisi dolor, congue volutpat suscipit ac, facilisis at orci. Nullam ultricies tellus orci, nec imperdiet felis dictum nec. Nullam condimentum blandit augue eget interdum. Praesent ullamcorper venenatis ante ac convallis. Curabitur eget ante quis nisl imperdiet luctus. Duis congue turpis nibh, ac euismod nulla malesuada eu. Nunc mattis felis quis aliquet mollis. Aliquam erat volutpat. Suspendisse potenti. Ut fermentum convallis aliquam. Nullam a luctus ligula. Class aptent taciti sociosqu ad litora torquent per conubia nostra, per inceptos himenaeos. Integer massa velit, ullamcorper at auctor a, dignissim gravida augue.');
INSERT INTO `products` (`id`, `categoryId`, `productName`, `offerCreateTime`, `offerFinishedTime`, `productImage`, `productDescription`, `productSubDescription`) VALUES
(21, 2, 'Lorem ipsum 18', '2020-05-03 22:05:56', '2020-05-07 21:45:59', 'http://alimsatimcim.com/mobil/240912590.jpg', 'Lorem ipsum dolor sit amet, consectetur adipiscing elit. Ut risus urna, mattis in dapibus ac, euismod sed enim. Pellentesque in cursus orci. Nunc nec risus eu turpis ullamcorper placerat. Suspendisse aliquam', 'Suspendisse a ipsum vestibulum, hendrerit velit et, elementum est. Morbi dictum purus eu mauris pretium auctor. Nulla vitae metus eget dui vestibulum maximus at a augue. Class aptent taciti sociosqu ad litora torquent per conubia nostra, per inceptos himenaeos. Donec scelerisque hendrerit nulla, id efficitur lacus posuere vitae. Class aptent taciti sociosqu ad litora torquent per conubia nostra, per inceptos himenaeos. Etiam nunc nunc, porttitor ac enim a, tempor mattis nunc. Duis tristique volutpat tempor. Fusce viverra elit non orci porttitor elementum.\r\n\r\nProin sed mollis lorem. Integer laoreet euismod nunc, in dictum nisl rutrum vel. Etiam rhoncus ornare nulla ut placerat. Vestibulum ante eros, faucibus sed orci vel, luctus lobortis leo. Proin id mauris et enim finibus tristique non at nisi. Nam tincidunt ultrices orci, non posuere erat tristique id. Praesent mauris quam, faucibus id diam at, interdum tincidunt nunc. Donec massa libero, fringilla sed est at, bibendum rhoncus nisl. Sed lectus justo, pulvinar ut ante ac, bibendum fermentum mi. Nullam a orci ut sapien malesuada rutrum. Cras ex metus, venenatis sit amet tristique a, laoreet ac diam. Donec lobortis sodales lorem a tincidunt. Cras ut hendrerit mauris. Nulla facilisi. Nam nec eros lobortis leo maximus mattis a a nulla. Etiam posuere, ante sit amet sagittis sollicitudin, diam elit laoreet neque, non sagittis mi leo quis massa.\r\n\r\nNullam urna augue, porttitor a tincidunt ac, bibendum et tellus. Integer faucibus odio eget dictum condimentum. Sed nisi dolor, congue volutpat suscipit ac, facilisis at orci. Nullam ultricies tellus orci, nec imperdiet felis dictum nec. Nullam condimentum blandit augue eget interdum. Praesent ullamcorper venenatis ante ac convallis. Curabitur eget ante quis nisl imperdiet luctus. Duis congue turpis nibh, ac euismod nulla malesuada eu. Nunc mattis felis quis aliquet mollis. Aliquam erat volutpat. Suspendisse potenti. Ut fermentum convallis aliquam. Nullam a luctus ligula. Class aptent taciti sociosqu ad litora torquent per conubia nostra, per inceptos himenaeos. Integer massa velit, ullamcorper at auctor a, dignissim gravida augue.'),
(22, 2, 'Lorem ipsum 19', '2020-05-03 22:05:56', '2020-05-07 21:45:59', 'http://alimsatimcim.com/mobil/240912590.jpg', 'Lorem ipsum dolor sit amet, consectetur adipiscing elit. Ut risus urna, mattis in dapibus ac, euismod sed enim. Pellentesque in cursus orci. Nunc nec risus eu turpis ullamcorper placerat. Suspendisse aliquam', 'Suspendisse a ipsum vestibulum, hendrerit velit et, elementum est. Morbi dictum purus eu mauris pretium auctor. Nulla vitae metus eget dui vestibulum maximus at a augue. Class aptent taciti sociosqu ad litora torquent per conubia nostra, per inceptos himenaeos. Donec scelerisque hendrerit nulla, id efficitur lacus posuere vitae. Class aptent taciti sociosqu ad litora torquent per conubia nostra, per inceptos himenaeos. Etiam nunc nunc, porttitor ac enim a, tempor mattis nunc. Duis tristique volutpat tempor. Fusce viverra elit non orci porttitor elementum.\r\n\r\nProin sed mollis lorem. Integer laoreet euismod nunc, in dictum nisl rutrum vel. Etiam rhoncus ornare nulla ut placerat. Vestibulum ante eros, faucibus sed orci vel, luctus lobortis leo. Proin id mauris et enim finibus tristique non at nisi. Nam tincidunt ultrices orci, non posuere erat tristique id. Praesent mauris quam, faucibus id diam at, interdum tincidunt nunc. Donec massa libero, fringilla sed est at, bibendum rhoncus nisl. Sed lectus justo, pulvinar ut ante ac, bibendum fermentum mi. Nullam a orci ut sapien malesuada rutrum. Cras ex metus, venenatis sit amet tristique a, laoreet ac diam. Donec lobortis sodales lorem a tincidunt. Cras ut hendrerit mauris. Nulla facilisi. Nam nec eros lobortis leo maximus mattis a a nulla. Etiam posuere, ante sit amet sagittis sollicitudin, diam elit laoreet neque, non sagittis mi leo quis massa.\r\n\r\nNullam urna augue, porttitor a tincidunt ac, bibendum et tellus. Integer faucibus odio eget dictum condimentum. Sed nisi dolor, congue volutpat suscipit ac, facilisis at orci. Nullam ultricies tellus orci, nec imperdiet felis dictum nec. Nullam condimentum blandit augue eget interdum. Praesent ullamcorper venenatis ante ac convallis. Curabitur eget ante quis nisl imperdiet luctus. Duis congue turpis nibh, ac euismod nulla malesuada eu. Nunc mattis felis quis aliquet mollis. Aliquam erat volutpat. Suspendisse potenti. Ut fermentum convallis aliquam. Nullam a luctus ligula. Class aptent taciti sociosqu ad litora torquent per conubia nostra, per inceptos himenaeos. Integer massa velit, ullamcorper at auctor a, dignissim gravida augue.'),
(23, 2, 'Lorem ipsum 20', '2020-05-03 22:05:56', '2020-05-07 21:45:59', 'http://alimsatimcim.com/mobil/240912590.jpg', 'Lorem ipsum dolor sit amet, consectetur adipiscing elit. Ut risus urna, mattis in dapibus ac, euismod sed enim. Pellentesque in cursus orci. Nunc nec risus eu turpis ullamcorper placerat. Suspendisse aliquam', 'Suspendisse a ipsum vestibulum, hendrerit velit et, elementum est. Morbi dictum purus eu mauris pretium auctor. Nulla vitae metus eget dui vestibulum maximus at a augue. Class aptent taciti sociosqu ad litora torquent per conubia nostra, per inceptos himenaeos. Donec scelerisque hendrerit nulla, id efficitur lacus posuere vitae. Class aptent taciti sociosqu ad litora torquent per conubia nostra, per inceptos himenaeos. Etiam nunc nunc, porttitor ac enim a, tempor mattis nunc. Duis tristique volutpat tempor. Fusce viverra elit non orci porttitor elementum.\r\n\r\nProin sed mollis lorem. Integer laoreet euismod nunc, in dictum nisl rutrum vel. Etiam rhoncus ornare nulla ut placerat. Vestibulum ante eros, faucibus sed orci vel, luctus lobortis leo. Proin id mauris et enim finibus tristique non at nisi. Nam tincidunt ultrices orci, non posuere erat tristique id. Praesent mauris quam, faucibus id diam at, interdum tincidunt nunc. Donec massa libero, fringilla sed est at, bibendum rhoncus nisl. Sed lectus justo, pulvinar ut ante ac, bibendum fermentum mi. Nullam a orci ut sapien malesuada rutrum. Cras ex metus, venenatis sit amet tristique a, laoreet ac diam. Donec lobortis sodales lorem a tincidunt. Cras ut hendrerit mauris. Nulla facilisi. Nam nec eros lobortis leo maximus mattis a a nulla. Etiam posuere, ante sit amet sagittis sollicitudin, diam elit laoreet neque, non sagittis mi leo quis massa.\r\n\r\nNullam urna augue, porttitor a tincidunt ac, bibendum et tellus. Integer faucibus odio eget dictum condimentum. Sed nisi dolor, congue volutpat suscipit ac, facilisis at orci. Nullam ultricies tellus orci, nec imperdiet felis dictum nec. Nullam condimentum blandit augue eget interdum. Praesent ullamcorper venenatis ante ac convallis. Curabitur eget ante quis nisl imperdiet luctus. Duis congue turpis nibh, ac euismod nulla malesuada eu. Nunc mattis felis quis aliquet mollis. Aliquam erat volutpat. Suspendisse potenti. Ut fermentum convallis aliquam. Nullam a luctus ligula. Class aptent taciti sociosqu ad litora torquent per conubia nostra, per inceptos himenaeos. Integer massa velit, ullamcorper at auctor a, dignissim gravida augue.'),
(24, 2, 'Lorem ipsum 21', '2020-05-03 22:05:56', '2020-05-07 21:45:59', 'http://alimsatimcim.com/mobil/240912590.jpg', 'Lorem ipsum dolor sit amet, consectetur adipiscing elit. Ut risus urna, mattis in dapibus ac, euismod sed enim. Pellentesque in cursus orci. Nunc nec risus eu turpis ullamcorper placerat. Suspendisse aliquam', 'Suspendisse a ipsum vestibulum, hendrerit velit et, elementum est. Morbi dictum purus eu mauris pretium auctor. Nulla vitae metus eget dui vestibulum maximus at a augue. Class aptent taciti sociosqu ad litora torquent per conubia nostra, per inceptos himenaeos. Donec scelerisque hendrerit nulla, id efficitur lacus posuere vitae. Class aptent taciti sociosqu ad litora torquent per conubia nostra, per inceptos himenaeos. Etiam nunc nunc, porttitor ac enim a, tempor mattis nunc. Duis tristique volutpat tempor. Fusce viverra elit non orci porttitor elementum.\r\n\r\nProin sed mollis lorem. Integer laoreet euismod nunc, in dictum nisl rutrum vel. Etiam rhoncus ornare nulla ut placerat. Vestibulum ante eros, faucibus sed orci vel, luctus lobortis leo. Proin id mauris et enim finibus tristique non at nisi. Nam tincidunt ultrices orci, non posuere erat tristique id. Praesent mauris quam, faucibus id diam at, interdum tincidunt nunc. Donec massa libero, fringilla sed est at, bibendum rhoncus nisl. Sed lectus justo, pulvinar ut ante ac, bibendum fermentum mi. Nullam a orci ut sapien malesuada rutrum. Cras ex metus, venenatis sit amet tristique a, laoreet ac diam. Donec lobortis sodales lorem a tincidunt. Cras ut hendrerit mauris. Nulla facilisi. Nam nec eros lobortis leo maximus mattis a a nulla. Etiam posuere, ante sit amet sagittis sollicitudin, diam elit laoreet neque, non sagittis mi leo quis massa.\r\n\r\nNullam urna augue, porttitor a tincidunt ac, bibendum et tellus. Integer faucibus odio eget dictum condimentum. Sed nisi dolor, congue volutpat suscipit ac, facilisis at orci. Nullam ultricies tellus orci, nec imperdiet felis dictum nec. Nullam condimentum blandit augue eget interdum. Praesent ullamcorper venenatis ante ac convallis. Curabitur eget ante quis nisl imperdiet luctus. Duis congue turpis nibh, ac euismod nulla malesuada eu. Nunc mattis felis quis aliquet mollis. Aliquam erat volutpat. Suspendisse potenti. Ut fermentum convallis aliquam. Nullam a luctus ligula. Class aptent taciti sociosqu ad litora torquent per conubia nostra, per inceptos himenaeos. Integer massa velit, ullamcorper at auctor a, dignissim gravida augue.'),
(25, 2, 'Lorem ipsum 22', '2020-05-03 22:05:56', '2020-05-07 21:45:59', 'http://alimsatimcim.com/mobil/240912590.jpg', 'Lorem ipsum dolor sit amet, consectetur adipiscing elit. Ut risus urna, mattis in dapibus ac, euismod sed enim. Pellentesque in cursus orci. Nunc nec risus eu turpis ullamcorper placerat. Suspendisse aliquam', 'Suspendisse a ipsum vestibulum, hendrerit velit et, elementum est. Morbi dictum purus eu mauris pretium auctor. Nulla vitae metus eget dui vestibulum maximus at a augue. Class aptent taciti sociosqu ad litora torquent per conubia nostra, per inceptos himenaeos. Donec scelerisque hendrerit nulla, id efficitur lacus posuere vitae. Class aptent taciti sociosqu ad litora torquent per conubia nostra, per inceptos himenaeos. Etiam nunc nunc, porttitor ac enim a, tempor mattis nunc. Duis tristique volutpat tempor. Fusce viverra elit non orci porttitor elementum.\r\n\r\nProin sed mollis lorem. Integer laoreet euismod nunc, in dictum nisl rutrum vel. Etiam rhoncus ornare nulla ut placerat. Vestibulum ante eros, faucibus sed orci vel, luctus lobortis leo. Proin id mauris et enim finibus tristique non at nisi. Nam tincidunt ultrices orci, non posuere erat tristique id. Praesent mauris quam, faucibus id diam at, interdum tincidunt nunc. Donec massa libero, fringilla sed est at, bibendum rhoncus nisl. Sed lectus justo, pulvinar ut ante ac, bibendum fermentum mi. Nullam a orci ut sapien malesuada rutrum. Cras ex metus, venenatis sit amet tristique a, laoreet ac diam. Donec lobortis sodales lorem a tincidunt. Cras ut hendrerit mauris. Nulla facilisi. Nam nec eros lobortis leo maximus mattis a a nulla. Etiam posuere, ante sit amet sagittis sollicitudin, diam elit laoreet neque, non sagittis mi leo quis massa.\r\n\r\nNullam urna augue, porttitor a tincidunt ac, bibendum et tellus. Integer faucibus odio eget dictum condimentum. Sed nisi dolor, congue volutpat suscipit ac, facilisis at orci. Nullam ultricies tellus orci, nec imperdiet felis dictum nec. Nullam condimentum blandit augue eget interdum. Praesent ullamcorper venenatis ante ac convallis. Curabitur eget ante quis nisl imperdiet luctus. Duis congue turpis nibh, ac euismod nulla malesuada eu. Nunc mattis felis quis aliquet mollis. Aliquam erat volutpat. Suspendisse potenti. Ut fermentum convallis aliquam. Nullam a luctus ligula. Class aptent taciti sociosqu ad litora torquent per conubia nostra, per inceptos himenaeos. Integer massa velit, ullamcorper at auctor a, dignissim gravida augue.'),
(26, 2, 'Lorem ipsum 23', '2020-05-03 22:05:56', '2020-05-07 21:45:59', 'http://alimsatimcim.com/mobil/240912590.jpg', 'Lorem ipsum dolor sit amet, consectetur adipiscing elit. Ut risus urna, mattis in dapibus ac, euismod sed enim. Pellentesque in cursus orci. Nunc nec risus eu turpis ullamcorper placerat. Suspendisse aliquam', 'Suspendisse a ipsum vestibulum, hendrerit velit et, elementum est. Morbi dictum purus eu mauris pretium auctor. Nulla vitae metus eget dui vestibulum maximus at a augue. Class aptent taciti sociosqu ad litora torquent per conubia nostra, per inceptos himenaeos. Donec scelerisque hendrerit nulla, id efficitur lacus posuere vitae. Class aptent taciti sociosqu ad litora torquent per conubia nostra, per inceptos himenaeos. Etiam nunc nunc, porttitor ac enim a, tempor mattis nunc. Duis tristique volutpat tempor. Fusce viverra elit non orci porttitor elementum.\r\n\r\nProin sed mollis lorem. Integer laoreet euismod nunc, in dictum nisl rutrum vel. Etiam rhoncus ornare nulla ut placerat. Vestibulum ante eros, faucibus sed orci vel, luctus lobortis leo. Proin id mauris et enim finibus tristique non at nisi. Nam tincidunt ultrices orci, non posuere erat tristique id. Praesent mauris quam, faucibus id diam at, interdum tincidunt nunc. Donec massa libero, fringilla sed est at, bibendum rhoncus nisl. Sed lectus justo, pulvinar ut ante ac, bibendum fermentum mi. Nullam a orci ut sapien malesuada rutrum. Cras ex metus, venenatis sit amet tristique a, laoreet ac diam. Donec lobortis sodales lorem a tincidunt. Cras ut hendrerit mauris. Nulla facilisi. Nam nec eros lobortis leo maximus mattis a a nulla. Etiam posuere, ante sit amet sagittis sollicitudin, diam elit laoreet neque, non sagittis mi leo quis massa.\r\n\r\nNullam urna augue, porttitor a tincidunt ac, bibendum et tellus. Integer faucibus odio eget dictum condimentum. Sed nisi dolor, congue volutpat suscipit ac, facilisis at orci. Nullam ultricies tellus orci, nec imperdiet felis dictum nec. Nullam condimentum blandit augue eget interdum. Praesent ullamcorper venenatis ante ac convallis. Curabitur eget ante quis nisl imperdiet luctus. Duis congue turpis nibh, ac euismod nulla malesuada eu. Nunc mattis felis quis aliquet mollis. Aliquam erat volutpat. Suspendisse potenti. Ut fermentum convallis aliquam. Nullam a luctus ligula. Class aptent taciti sociosqu ad litora torquent per conubia nostra, per inceptos himenaeos. Integer massa velit, ullamcorper at auctor a, dignissim gravida augue.'),
(27, 2, 'Lorem ipsum 24', '2020-05-03 22:05:56', '2020-05-07 21:45:59', 'http://alimsatimcim.com/mobil/240912590.jpg', 'Lorem ipsum dolor sit amet, consectetur adipiscing elit. Ut risus urna, mattis in dapibus ac, euismod sed enim. Pellentesque in cursus orci. Nunc nec risus eu turpis ullamcorper placerat. Suspendisse aliquam', 'Suspendisse a ipsum vestibulum, hendrerit velit et, elementum est. Morbi dictum purus eu mauris pretium auctor. Nulla vitae metus eget dui vestibulum maximus at a augue. Class aptent taciti sociosqu ad litora torquent per conubia nostra, per inceptos himenaeos. Donec scelerisque hendrerit nulla, id efficitur lacus posuere vitae. Class aptent taciti sociosqu ad litora torquent per conubia nostra, per inceptos himenaeos. Etiam nunc nunc, porttitor ac enim a, tempor mattis nunc. Duis tristique volutpat tempor. Fusce viverra elit non orci porttitor elementum.\r\n\r\nProin sed mollis lorem. Integer laoreet euismod nunc, in dictum nisl rutrum vel. Etiam rhoncus ornare nulla ut placerat. Vestibulum ante eros, faucibus sed orci vel, luctus lobortis leo. Proin id mauris et enim finibus tristique non at nisi. Nam tincidunt ultrices orci, non posuere erat tristique id. Praesent mauris quam, faucibus id diam at, interdum tincidunt nunc. Donec massa libero, fringilla sed est at, bibendum rhoncus nisl. Sed lectus justo, pulvinar ut ante ac, bibendum fermentum mi. Nullam a orci ut sapien malesuada rutrum. Cras ex metus, venenatis sit amet tristique a, laoreet ac diam. Donec lobortis sodales lorem a tincidunt. Cras ut hendrerit mauris. Nulla facilisi. Nam nec eros lobortis leo maximus mattis a a nulla. Etiam posuere, ante sit amet sagittis sollicitudin, diam elit laoreet neque, non sagittis mi leo quis massa.\r\n\r\nNullam urna augue, porttitor a tincidunt ac, bibendum et tellus. Integer faucibus odio eget dictum condimentum. Sed nisi dolor, congue volutpat suscipit ac, facilisis at orci. Nullam ultricies tellus orci, nec imperdiet felis dictum nec. Nullam condimentum blandit augue eget interdum. Praesent ullamcorper venenatis ante ac convallis. Curabitur eget ante quis nisl imperdiet luctus. Duis congue turpis nibh, ac euismod nulla malesuada eu. Nunc mattis felis quis aliquet mollis. Aliquam erat volutpat. Suspendisse potenti. Ut fermentum convallis aliquam. Nullam a luctus ligula. Class aptent taciti sociosqu ad litora torquent per conubia nostra, per inceptos himenaeos. Integer massa velit, ullamcorper at auctor a, dignissim gravida augue.'),
(28, 2, 'Lorem ipsum 25', '2020-05-03 22:05:56', '2020-05-07 21:45:59', 'http://alimsatimcim.com/mobil/240912590.jpg', 'Lorem ipsum dolor sit amet, consectetur adipiscing elit. Ut risus urna, mattis in dapibus ac, euismod sed enim. Pellentesque in cursus orci. Nunc nec risus eu turpis ullamcorper placerat. Suspendisse aliquam', 'Suspendisse a ipsum vestibulum, hendrerit velit et, elementum est. Morbi dictum purus eu mauris pretium auctor. Nulla vitae metus eget dui vestibulum maximus at a augue. Class aptent taciti sociosqu ad litora torquent per conubia nostra, per inceptos himenaeos. Donec scelerisque hendrerit nulla, id efficitur lacus posuere vitae. Class aptent taciti sociosqu ad litora torquent per conubia nostra, per inceptos himenaeos. Etiam nunc nunc, porttitor ac enim a, tempor mattis nunc. Duis tristique volutpat tempor. Fusce viverra elit non orci porttitor elementum.\r\n\r\nProin sed mollis lorem. Integer laoreet euismod nunc, in dictum nisl rutrum vel. Etiam rhoncus ornare nulla ut placerat. Vestibulum ante eros, faucibus sed orci vel, luctus lobortis leo. Proin id mauris et enim finibus tristique non at nisi. Nam tincidunt ultrices orci, non posuere erat tristique id. Praesent mauris quam, faucibus id diam at, interdum tincidunt nunc. Donec massa libero, fringilla sed est at, bibendum rhoncus nisl. Sed lectus justo, pulvinar ut ante ac, bibendum fermentum mi. Nullam a orci ut sapien malesuada rutrum. Cras ex metus, venenatis sit amet tristique a, laoreet ac diam. Donec lobortis sodales lorem a tincidunt. Cras ut hendrerit mauris. Nulla facilisi. Nam nec eros lobortis leo maximus mattis a a nulla. Etiam posuere, ante sit amet sagittis sollicitudin, diam elit laoreet neque, non sagittis mi leo quis massa.\r\n\r\nNullam urna augue, porttitor a tincidunt ac, bibendum et tellus. Integer faucibus odio eget dictum condimentum. Sed nisi dolor, congue volutpat suscipit ac, facilisis at orci. Nullam ultricies tellus orci, nec imperdiet felis dictum nec. Nullam condimentum blandit augue eget interdum. Praesent ullamcorper venenatis ante ac convallis. Curabitur eget ante quis nisl imperdiet luctus. Duis congue turpis nibh, ac euismod nulla malesuada eu. Nunc mattis felis quis aliquet mollis. Aliquam erat volutpat. Suspendisse potenti. Ut fermentum convallis aliquam. Nullam a luctus ligula. Class aptent taciti sociosqu ad litora torquent per conubia nostra, per inceptos himenaeos. Integer massa velit, ullamcorper at auctor a, dignissim gravida augue.');

-- --------------------------------------------------------

--
-- Tablo için tablo yapısı `uye`
--

CREATE TABLE `uye` (
  `Id` int(11) NOT NULL,
  `kullaniciadi` varchar(255) DEFAULT NULL,
  `sifresi` varchar(255) DEFAULT NULL
) ENGINE=InnoDB DEFAULT CHARSET=utf8mb4;

--
-- Tablo döküm verisi `uye`
--

INSERT INTO `uye` (`Id`, `kullaniciadi`, `sifresi`) VALUES
(6, 'ada', '123'),
(7, 'ada', '123'),
(8, 'admin', '123'),
(9, 'serkan', '123'),
(10, '11', '11'),
(11, '', ''),
(12, '', ''),
(13, '', ''),
(14, '', ''),
(15, '', ''),
(16, '', ''),
(17, '', ''),
(18, '', ''),
(19, '', ''),
(20, '', ''),
(21, '', ''),
(22, '', ''),
(23, '', ''),
(24, '', ''),
(25, '', ''),
(26, '', ''),
(27, '', ''),
(28, '', ''),
(29, '', ''),
(30, '', ''),
(31, '', ''),
(32, '', ''),
(33, '', ''),
(34, '', ''),
(35, '', ''),
(36, '', ''),
(37, '', ''),
(38, 'admin', 'admin'),
(39, 'admin', '222');

--
-- Dökümü yapılmış tablolar için indeksler
--

--
-- Tablo için indeksler `offers`
--
ALTER TABLE `offers`
  ADD PRIMARY KEY (`id`) USING BTREE,
  ADD KEY `productId` (`productId`) USING BTREE;

--
-- Tablo için indeksler `productcategories`
--
ALTER TABLE `productcategories`
  ADD PRIMARY KEY (`id`) USING BTREE;

--
-- Tablo için indeksler `products`
--
ALTER TABLE `products`
  ADD PRIMARY KEY (`id`) USING BTREE,
  ADD KEY `categoryId` (`categoryId`) USING BTREE;

--
-- Tablo için indeksler `uye`
--
ALTER TABLE `uye`
  ADD PRIMARY KEY (`Id`);

--
-- Dökümü yapılmış tablolar için AUTO_INCREMENT değeri
--

--
-- Tablo için AUTO_INCREMENT değeri `offers`
--
ALTER TABLE `offers`
  MODIFY `id` int(11) NOT NULL AUTO_INCREMENT COMMENT 'Teklif Id si';

--
-- Tablo için AUTO_INCREMENT değeri `productcategories`
--
ALTER TABLE `productcategories`
  MODIFY `id` int(11) NOT NULL AUTO_INCREMENT COMMENT 'Ürün Kategori Id si', AUTO_INCREMENT=12;

--
-- Tablo için AUTO_INCREMENT değeri `products`
--
ALTER TABLE `products`
  MODIFY `id` int(11) NOT NULL AUTO_INCREMENT COMMENT 'Ürün Id si', AUTO_INCREMENT=29;

--
-- Tablo için AUTO_INCREMENT değeri `uye`
--
ALTER TABLE `uye`
  MODIFY `Id` int(11) NOT NULL AUTO_INCREMENT, AUTO_INCREMENT=40;

--
-- Dökümü yapılmış tablolar için kısıtlamalar
--

--
-- Tablo kısıtlamaları `offers`
--
ALTER TABLE `offers`
  ADD CONSTRAINT `offers_ibfk_1` FOREIGN KEY (`productId`) REFERENCES `products` (`id`);

--
-- Tablo kısıtlamaları `products`
--
ALTER TABLE `products`
  ADD CONSTRAINT `products_ibfk_1` FOREIGN KEY (`categoryId`) REFERENCES `productcategories` (`id`);
COMMIT;

/*!40101 SET CHARACTER_SET_CLIENT=@OLD_CHARACTER_SET_CLIENT */;
/*!40101 SET CHARACTER_SET_RESULTS=@OLD_CHARACTER_SET_RESULTS */;
/*!40101 SET COLLATION_CONNECTION=@OLD_COLLATION_CONNECTION */;
